Categoría,Nombre producto en Español,Nombre producto en Inglés,Descripción,Palabras claves,Link
Autorizaciones,,Security acces entitlement,"Otorga, resuelve, impone, revoca y administra derechos de acceso y permisos a las actividades que se pueden realizar de manera segura, generando experiencias de uso positivas para usuarios principales y secundarios.","relación cliente, cambio de estado, titular, delegado, persona natural, persona jurídica, relación, autorización, autorizaciones",https://bancolombia.sharepoint.com/sites/co-gaps/SitePages/epc-Autorizaciones.aspx?csf=1&web=1&e=gKx2p3&cid=08c63ab1-fe0c-4efc-b320-a9a5444e0187
Autorizaciones,Usuario delegado,Security acces entitlement delegates,Crea la relación de delegado de un cliente y permite la consulta de esos usuarios delegados.,"gestión de delegados, entitlement, rol, actualización rol, delegado, delegados de un cliente, autorización, autorizaciones",https://bancolombia.sharepoint.com/sites/co-gaps/SitePages/epc-Autorizaciones.aspx?csf=1&web=1&e=gKx2p3&cid=08c63ab1-fe0c-4efc-b320-a9a5444e0187
Autorizaciones,,Security acces entitlement Memberships,Validar y regenerar el código único de afiliación de un usuario a un cliente para delegar accesos a los canales Bancolombia.,"validar código, regenerar código, afiliación, código único, delegación de acceso, autorización, autorizaciones",https://bancolombia.sharepoint.com/sites/co-gaps/SitePages/epc-Autorizaciones.aspx?csf=1&web=1&e=gKx2p3&cid=08c63ab1-fe0c-4efc-b320-a9a5444e0187
Autorizaciones,Usuarios titulares,Security acces entitlement owners,Crea y consulta los titulares de un cliente persona natural y jurídica,"titulares, cliente, gestión titulares, crear titular persona, consultar titulares, autorización, autorizaciones",https://bancolombia.sharepoint.com/sites/co-gaps/SitePages/epc-Autorizaciones.aspx?csf=1&web=1&e=gKx2p3&cid=08c63ab1-fe0c-4efc-b320-a9a5444e0187
Autorizaciones,Privilegios,Security acces entitlement privileges,Consulta de los privilegios que tiene un usuario disponible para ser asignados en Entitlement,"privilegios, autorización, autorizaciones",https://bancolombia.sharepoint.com/sites/co-gaps/SitePages/epc-Autorizaciones.aspx?csf=1&web=1&e=gKx2p3&cid=08c63ab1-fe0c-4efc-b320-a9a5444e0187
Autorizaciones,Esquemas,Security acces entitlement schemes,Registro y consulta del esquema asociado a un titular.,"esquema asociado a un títular, autorización, autorizaciones",https://bancolombia.sharepoint.com/sites/co-gaps/SitePages/epc-Autorizaciones.aspx?csf=1&web=1&e=gKx2p3&cid=08c63ab1-fe0c-4efc-b320-a9a5444e0187
Autorizaciones,Relación,Security Access Entitlement Relations,Consulta la relación entre un usuario y un cliente y conoce si es titular o delegado,"relación, autorización",https://bancolombia.sharepoint.com/sites/co-gaps/SitePages/epc-Autorizaciones.aspx?csf=1&web=1&e=gKx2p3&cid=08c63ab1-fe0c-4efc-b320-a9a5444e0187
Autorizaciones,,Security Alphanumeric,"Asigna y valida la clave alfanumérica a un usuario, permitiendo así la autenticación de los usuarios.","validar clave, crear clave, clave alfanumerica, autorización, autorizaciones, clave, generación de clave",https://bancolombia.sharepoint.com/sites/co-gaps/SitePages/epc-Autorizaciones.aspx?csf=1&web=1&e=gKx2p3&cid=08c63ab1-fe0c-4efc-b320-a9a5444e0187
Autorizaciones,,Security Contacts,Gestionar los contactos de confianza de un cliente.,"información clientes, administrar contactos, gestionar contactos, autorización, autorizaciones",https://bancolombia.sharepoint.com/sites/co-gaps/SitePages/epc-Autorizaciones.aspx?csf=1&web=1&e=gKx2p3&cid=08c63ab1-fe0c-4efc-b320-a9a5444e0187
Autorizaciones,Autenticar teceros,Third Party Authentication,Autenticar y gestionar las autorizaciones de productos hacia terceros.,"generar url autenticación, FUA, autenticación, tercero, autenticación frente a tercero, autorización, autorizaciones",https://bancolombia.sharepoint.com/sites/co-gaps/SitePages/epc-Autorizaciones.aspx?csf=1&web=1&e=gKx2p3&cid=08c63ab1-fe0c-4efc-b320-a9a5444e0187
Autorizaciones,Autorizar terceros,Third Party Authorization,Autenticar y gestionar las autorizaciones de productos hacia terceros.,"gestión de autorizaciones, autorizaciones, autorizaciones cliente, relaciones cliente, relación cliente, relación comercio, consultar relaciones cliente, relaciones cliente, relaciones comercio, autorización, autorizaciones",https://bancolombia.sharepoint.com/sites/co-gaps/SitePages/epc-Autorizaciones.aspx?csf=1&web=1&e=gKx2p3&cid=08c63ab1-fe0c-4efc-b320-a9a5444e0187
Autorizaciones,Roles,Security acces entitlement roles,"Crear, editar y consulta el rol de los usuarios de un cliente","actualizar rol, rol, entitlement",https://bancolombia.sharepoint.com/sites/co-gaps/SitePages/epc-Autorizaciones.aspx?csf=1&web=1&e=gKx2p3&cid=08c63ab1-fe0c-4efc-b320-a9a5444e0187
Autorizaciones,,Security acces entitlement product group,Gestionar los grupos de productos,"grupos de productos, consultar grupos,",https://bancolombia.sharepoint.com/sites/co-gaps/SitePages/epc-Autorizaciones.aspx?csf=1&web=1&e=gKx2p3&cid=08c63ab1-fe0c-4efc-b320-a9a5444e0187
Administración ciclo de vida del activo - Leasing,Condiciones Leasing,Leasing Condition,"Realiza la creación, consulta, modificación y eliminación de una o varias condiciones financieras asociadasa un cliente Leasing","Condiciones de pago, Leasing Habitacional, Estado de la cuenta, leasing, condiciones financieras, negocio leasing, obligación leasing",https://bancolombia.sharepoint.com/sites/co-gaps/SitePages/epc-CiclodeVidadelActivo.aspx
Administración ciclo de vida del activo - Leasing,Operación Leasing,Operation Leasing,"Realizar la consulta de las operaciones básica y detallada, además permite realizar la gestión de una operación que tiene asociado un cliente.","Consulta de la operación, Estado de la operación, Producto de la operación, leasing, arrendamiento, habitacional, operativo, obligación leasing, operación",https://bancolombia.sharepoint.com/sites/co-gaps/SitePages/epc-CiclodeVidadelActivo.aspx
Administración ciclo de vida del activo - Leasing,Pagos Leasing,Payment Leasing,"Realizar la consulta, transacción y aplicación de pagos leasing con relación al cliente.","Proximo pago, Leasing Financiero, Arrendamiento Operativo, leasing, Leasing Habitacional, pagos leasing, pagos, pagos vencidos, plan de pagos, planes de pago, obligación leasing, transacción de pago, pago delfin, anulación, anulación pago, condiciones de pago, delfin, pago",https://bancolombia.sharepoint.com/sites/co-gaps/SitePages/epc-CiclodeVidadelActivo.aspx
BALM,,Financial inclusion bonding,Gestión de clientes y preparar datos de usuario,"inclusión financiera, vinculación",https://bancolombia.sharepoint.com/sites/co-gaps/SitePages/epc-BALM.aspx
Depósitos,Cuentas,Account,"Gestiona las cuentas de ahorro y corriente, conoce las características y abona y debita dinero de la cuenta","caracterísiticas cuenta, condiciones, plan, cuentas, cuenta de ahorros, cuenta corriente, cuenta, cuenta cancelada, inactividad, débito, crédito, marcas de cuenta, restricciones, cuenta recaudadora, transferencia, transferencia entre cuentas, cuentas bancolombia, transacción débito, transacción crédito, anular transferencia, bloquear saldo, saldo disponible, cancelar cuenta, cancelación de cuenta, desbloquear saldo, validar relación cliente, validar cuenta, titular, cotitular, listar planes, planes de cuentas, participantes, listar participantes, exención impuesto, impuesto, GMF, gravamen, exonerar impuesto, 4x100, 4 x 1000, abonar dinero, abono, abonar, retirar dinero, trasferir dinero, transferir entre cuentas, anular transacción, anular débito, anular crédito, anular, anular transferencia, Saldos, Cuentas de Ahorro, Cuenta Corriente, Moneda Extranjera, balance, saldo de cuenta, filiales del exterior,saldos detallados, Información cuentas, detalle cuentas, cuentas ME, Moneda Extranjera",https://bancolombia.sharepoint.com/sites/co-gaps/SitePages/epc-depositos.aspx
Depósitos,Apertura de Cuentas,Bank Account,Abre cuentas de ahorro o corrientes a clientes ya vinculados en los planes transaccionales de Bancolombia y realiza el cambio de plan de acuerdo con la oferta comercial de planes vigentes.,"apertura de cuenta, depósitos, cuentas de ahorro, cuentas corriente, cuentas ahorro, plan de cuentas, plan tradicional, plan, depósitos",https://bancolombia.sharepoint.com/sites/co-gaps/SitePages/epc-depositos.aspx
Depósitos,Cuenta de Clientes,Customer Account,"Consulta las cuentas de ahorro y corriente del cliente, sus características, saldos y transacciones","depósitos, cuentas de ahorro, cuentas corriente, cuentas ahorro, plan de cuentas, plan tradicional, plan, depósitos, consultar características, consultar condiciones, características, condiciones, listar cuentas, listar cuentas de un cliente, consultar saldos, saldos, consultar saldos cuentas",https://bancolombia.sharepoint.com/sites/co-gaps/SitePages/epc-depositos.aspx
Depósitos,Catálogos Depósitos,Deposits Design,Encuentra los catálogos de información que requieres para utilizar las funcionalidades de las cuentas de ahorro y corriente. Puedes listar los códigos y las descripciones necesarias para utilizar otras APIs.,"depósitos, listar marcas de cuentas, consultar códigos de transacciones, catálogo grupos de transacciones, depósitos, catálogo depósitos, catálogos depósitos, catálogo servicios depósitos",https://bancolombia.sharepoint.com/sites/co-gaps/SitePages/epc-depositos.aspx
Depósitos,Bolsillos,Pockets,"Permite crear, cancelar, consultar movimientos y aplicar transacciones monetarias en bolsillo de una cuenta de ahorros","depósitos, bolsillos, condiciones bolsillos, retirar dinero bolsillos, saldo bolsillos, transferencia bolsillos, abonar dinero, movimientos bolsillos",https://bancolombia.sharepoint.com/sites/co-gaps/SitePages/epc-depositos.aspx
Ecosistema del riesgo de crédito,Evaluar central interna,Customer Risk Behavior,Dispone el detalle de las reglas evaluadas y la decisión final por cada una para que el consumidor pueda seleccionar de acuerdo a su necesidad cuales requiere validar,"Central Interna, Evaluación central interna, riesgos",https://bancolombia.sharepoint.com/sites/co-gaps/SitePages/epc-EcosistemaRiesgoDeCr%C3%A9dito.aspx
Ecosistema del riesgo de crédito,Score interno de riesgos,Customer Behavioral Models,"Calcula el score de calificación de comportamiento de un cliente, que en conjunto con otros conceptos entregan un riesgo consolidado para dar una decisión de aprobado o no en los productos","riesgos, Score de comportamiento, Score Interno, Ingreso neto disponible PN, Capacidad de pago, Nuevo Endeudamiento, Ingresos, egresos, estimados",https://bancolombia.sharepoint.com/sites/co-gaps/SitePages/epc-EcosistemaRiesgoDeCr%C3%A9dito.aspx
Ecosistema del riesgo de crédito,Estudio de crédito de consumo e inclusión,Consumer Loan Behavioral Models,"Da el resultado inmediato del estudio de crédito de Consumo e Inclusión. Productos: Libre inversión, Libranza, Tarjeta de crédito, Crediágil (Rotativo), Crédito Propulsor, Crédito a la mano, Sobregiro.","riesgos, Respuesta al frente Consumo, Inclusión, Decisión de Credito",https://bancolombia.sharepoint.com/sites/co-gaps/SitePages/epc-EcosistemaRiesgoDeCr%C3%A9dito.aspx
Ecosistema del riesgo de crédito,Estudio crédito hipotecario,Mortgage Loan Behavioral,"Da el resultado del estudio de crédito de Hipotecario, entregando de manera inmediata la respuesta de un cupo para clientes actuales y nuevos, de acuerdo con las políticas de riesgos.","riesgos, Respuesta al frente Vivienda, estudio de crédito vivienda",https://bancolombia.sharepoint.com/sites/co-gaps/SitePages/epc-EcosistemaRiesgoDeCr%C3%A9dito.aspx
Ecosistema del riesgo de crédito,Información personal cliente,Customer Profile Information,"Consulta la información personal y detallada de un cliente, ya que por medio de esta podrá verificar la veracidad de la información suministrada por el cliente.","riesgos, límites, preaprobados, Respuesta al frente, originación",https://bancolombia.sharepoint.com/sites/co-gaps/SitePages/epc-EcosistemaRiesgoDeCr%C3%A9dito.aspx
Ecosistema del riesgo de crédito,Perfil cliente,Customer Profile Product,Conoce la informacion sobre un cliente con base en la información de Experian.,"riesgos, límites, preaprobados, Respuesta al frente, originación",https://bancolombia.sharepoint.com/sites/co-gaps/SitePages/epc-EcosistemaRiesgoDeCr%C3%A9dito.aspx
Ecosistema del riesgo de crédito,,Merchandising Loan,"Brinda el valor máximo de canon de arrendamiento mensual que un cliente puede asumir, para el uso de un producto y/o servicio a partir de su capacidad de endeudamiento y las políticas definidas desde riesgos.","riesgos, límites, preaprobados, Respuesta al frente, originación",https://bancolombia.sharepoint.com/sites/co-gaps/SitePages/epc-EcosistemaRiesgoDeCr%C3%A9dito.aspx
Ecosistema del riesgo de crédito,Estudio de crédito independientes,Consumer Loan,"Conoce el resultado del estudio de crédito para clientes independientes sin estados financieros, entregando de manera inmediata la respuesta de un cupo (monoproducto) o varios cupos (multiproducto), de acuerdo las condiciones del cliente y las políticas de riesgos vigentes","riesgos, límites, preaprobados, Respuesta al frente, originación",https://bancolombia.sharepoint.com/sites/co-gaps/SitePages/epc-EcosistemaRiesgoDeCr%C3%A9dito.aspx
Desembolsos y Administración de Cartera,Facturas crédito,Loan Billing,"Consulta de facturas generadas para créditos de consumo, microcrédito y comercial, entregando información en diferentes niveles de detalle.","préstamos, cartera, desembolsos, consulta de facturas pendientes, facturas correspondientes",https://bancolombia.sharepoint.com/sites/co-gaps/SitePages/epc-desembolsos-y-administracion-cartera.aspx
Desembolsos y Administración de Cartera,Desembolso de crédito,Loan Disbursement,"Permite el desembolso de créditos de Consumo, microcrédito y cartera Comercial.","préstamos, cartera, desembolsos, desembolsar crédito, originar crédito, desembolso",https://bancolombia.sharepoint.com/sites/co-gaps/SitePages/epc-desembolsos-y-administracion-cartera.aspx
Desembolsos y Administración de Cartera,Información de créditos,Loan Information,"Muestra los créditos de un cliente, entregando información como: número de la obligación, tipo de crédito, el estado, saldo total, fecha de próximo pago, entre otros.","préstamos, cartera, desembolsos, Consulta detallada de un préstamo, consultar préstamo, préstamo, datos de un préstamos, consulta planes de crédito, crédito",https://bancolombia.sharepoint.com/sites/co-gaps/SitePages/epc-desembolsos-y-administracion-cartera.aspx
Desembolsos y Administración de Cartera,Transacciones de un crédito,Loan Transactions,"Consulta las transacciones o movimientos que ha tenido un crédito. Con esta operación, podemos consultar los pagos que realiza el cliente a un crédito.","préstamos, cartera, desembolsos, consulta general de transacciones aplicadas a un préstamo, transacciones préstamos, consultar transacciones préstamo, préstamo, transacción específica préstamo, transacción, transacciones, crédito",https://bancolombia.sharepoint.com/sites/co-gaps/SitePages/epc-desembolsos-y-administracion-cartera.aspx
Desembolsos y Administración de Cartera,Cálculo de cuota,Loan Utilities,Conoce el cálculo de cuota para créditos no desembolsados y de recálculo para créditos desembolsados.,"préstamos, cartera, desembolsos, Cálculo cuota periódica de un crédito, calcular cuota préstamo, préstamo, calcular cuota, calculo cuota",https://bancolombia.sharepoint.com/sites/co-gaps/SitePages/epc-desembolsos-y-administracion-cartera.aspx
Gestión de identidades,OTP Genérico,Security Code,"Realiza la gestión de un código de seguridad genérico de un solo uso tipo OTP para que sea utilizado por un canal consumidor cuando la experiencia así lo requiera, el cual será entregado y podrá ser validado.","código seguridad, OTP, código, seguridad, autorizar, autorizaciones",https://bancolombia.sharepoint.com/sites/co-gaps/SitePages/epc-GestionDeIdentidades.aspx
Gestión de identidades,SUID - Identidad,Customer Security,Brindan la posibilidad de gestionar las identidades y alias de un cliente dentro de un canal banco.,"identidad única en los canales, recolectar información propia, consultar un alias, registrar, un alias, modificar un alias, eliminar un alias, SUID, identidad, seguridad, autorizar, autorizaciones",https://bancolombia.sharepoint.com/sites/co-gaps/SitePages/epc-GestionDeIdentidades.aspx
Gestión de identidades,SUA - Administrar sesión,Security Session Management,Brindan la posibilidad de gestionar la identidad digital que tiene un cliente.,"identidad digital registrada, identidad digital activa, autorización, autorizar, sesión, sua, seguridad",https://bancolombia.sharepoint.com/sites/co-gaps/SitePages/epc-GestionDeIdentidades.aspx
Gestión de identidades,,Security,Centraliza los servicios de autenticación del cliente abarcando los escenarios en los diferentes canales banco.,"token, sesion, código de autorización, oauth, llave criptográfica, cifrado de la clave, clave pinblok, token autorización, was, datapower, autenticacion cliente, llave criptográfica, cifrado de la clave, clave pinblok, seguridad",https://bancolombia.sharepoint.com/sites/co-gaps/SitePages/epc-GestionDeIdentidades.aspx
Gestión de identidades,Sesión,Security Session,Realiza la gestión de la sesión de un cliente consumidor en un canal que requiera validar o mantener la sesión mientras realiza su experiencia digital.,"oauth, token autorización, was, datapower, autenticacion cliente, seguir, autorización, autenticación, seguridad",https://bancolombia.sharepoint.com/sites/co-gaps/SitePages/epc-GestionDeIdentidades.aspx
Gestión de identidades,SUA - Token Autorización APIConnect,Security Simple Authentication,"Habilita una API tipo OAuth que permite la autenticación simple de un cliente, mediante el tipo, número de documento y pinblock.","oauth, token autorización, was, datapower, autenticacion cliente, autorización, SUA, autorizar, seguridad",https://bancolombia.sharepoint.com/sites/co-gaps/SitePages/epc-GestionDeIdentidades.aspx
Hipotecario,Pago crédito constructor,Mortgage Loan Payment,"Agrupa las funcionalidades necesarias para el pago de créditos hipotecarios, para personas naturales y jurídicas.","pago credito, hipotecario constructor, pagos de proyectos, inmobiliario, hipotecario",https://bancolombia.sharepoint.com/sites/co-gaps/SitePages/epc-Hipotecario.aspx
Hipotecario,Créditos Hipotecarios,Mortgage Loan,"Para clientes persona natural con créditos largo plazo, muestra información general como el saldo de la deuda, valor de la cuota a pagar, fecha de cuota, plazo, tasa de interés, información de seguros (vida-incendio y terremoto)… entre otros","obligación constructor, obligaciones hipotecarias, detalle credito hipotecario, hipotecario, inmobiliario",https://bancolombia.sharepoint.com/sites/co-gaps/SitePages/epc-Hipotecario.aspx
Monitoreo y transversales,Modelos de fraude,Fraud Models,Consultar y marcar información de contacto de los clientes para confirmar las transacciones sospechosas de fraude,"motor DTA, estado de la transaccion en el canal",https://bancolombia.sharepoint.com/sites/co-gaps/SitePages/epc-MonitoreoTransversales.aspx
Monitoreo y transversales,,Security Application,Consulta los eventos funcionales ocurridos en las aplicaciones de seguridad,"seguridad, monitoreo",https://bancolombia.sharepoint.com/sites/co-gaps/SitePages/epc-MonitoreoTransversales.aspx
Experiencia de cartera,Crédito,Consumer Loans,"Venta de crédito de principio a fin en la modalidad de consumo y microcrédito ofrecido a personas naturales(Libre inversión, libranza, crediágil y microcrédito) .","oferta, criterios de elegibilidad, desembolso, venta, tasas, montos, firma de documentos, confirmación condiciones del crédito, documentos del crédito, carta de bienvenida, seguros de producto, simulación personalizada, cálculo de cuota, tasas, plazos, cuota, plan",https://bancolombia.sharepoint.com/sites/co-gaps/SitePages/epc-ExperienciaDeCartera.aspx?OR=Teams-HL&CT=1639595343409
Pagos,Consulta convenios de nómina,Payroll Agreement,"Consulta convenio de nómina, permite al usuario obtener información de convenios de nomina por diferentes criterios de búsqueda.","convenios nomina, consulta por beneficiario, por empleador y por pagador, convenios, pagos",https://bancolombia.sharepoint.com/sites/co-gaps/SitePages/epc-pagos.aspx
Pagos,Solicitudes de pagos,Payment Request,Realiza la creación de un registro de pago en el sistema de pago para su procesamiento,"pagos, solicitud pago, solicitudes de pago",https://bancolombia.sharepoint.com/sites/co-gaps/SitePages/epc-pagos.aspx
Pagos,Transferencias otros bancos,ACH Fullfilment,Inscribe beneficiarios para transferencias a otros bancos a través del Sistema de Transferencias Financieras,"transferencias, pagos, entre bancos, transferencias entre bancos",https://bancolombia.sharepoint.com/sites/co-gaps/SitePages/epc-pagos.aspx
Pagos,Gestión del cliente pagador,Payroll And Supplier Payment,"Consulta información de un pagador inscrito en el sistema de Pagos Automáticos Bancolombia PAB, inscribe un nuevo pagador.","pagos, pagador, gestión cliente",https://bancolombia.sharepoint.com/sites/co-gaps/SitePages/epc-pagos.aspx
Evolución digital,Firma electrónica,Electronic Signature,Ofrece capacidades de firma electrónica de documentos mediante mecanismos de autenticación.,"firmar documento, certicamara, custodia documental, firmante, firma electrónica, firma simple",https://bancolombia.sharepoint.com/sites/co-gaps/SitePages/epc-generaciondocumentosdigitales.aspx
Evolución digital,Pagaré Electrónico,Electronic Promissory,Envía los datos del cliente a dcval para la creación de un girador persona Natural y Jurídica,"firmar documento, deceval, crear pagare, crear firmante, custodia documental, firmante, firmar pagare",https://bancolombia.sharepoint.com/sites/co-gaps/SitePages/epc-generaciondocumentosdigitales.aspx
Evolución digital,Generados de Documentos,Customer Document Service,Genera un documento digital partiendo de la Información entrega para la construcción del formato.,"crear documento, custodia documental, generar pdf, cadena",https://bancolombia.sharepoint.com/sites/co-gaps/SitePages/epc-generaciondocumentosdigitales.aspx
Recaudos,Gestión de facturas,Bill Payments,Inscribe una factura de recaudos para habilitar un pago por los canales disponibles y habilitados para ello. Modifica una factura inscrita,"gestion de facturas, registrar facturas, canales virtuales, recaudadores, crear programación de facturas, actualizar programación de facturas, eliminar programación de facturas, recaudadores, movimientos de los pagadores de recaudos, inscribir facturas, actualizar, facturas inscritas, consultar facturas inscritas, pagadores, recaudos",https://bancolombia.sharepoint.com/sites/co-gaps/SitePages/epc-recaudos.aspx
Recaudos,Convenios de recaudos,Collection Agreements,"Conoce todos los convenios de recaudos, sus estados y canales Bancolombia por lo que se puede realizar transacciones.","maestro de convenios, convenios de recaudos, recaudadores, cuenta exclusiva de recaudos, recaudos",https://bancolombia.sharepoint.com/sites/co-gaps/SitePages/epc-recaudos.aspx
Recaudos,Movimientos del convenio,Billers,"Conoce toda la información asociada al histórico de las transacciones de recaudo, con un limité máximo de tres meses, la información es centralizada, porque se obtiene información sin importar el core donde fue registrado el recaudo. Además, permitirá realizar la gestión sobre las facturas que el recaudador ha cargado en el sistema.","anular facturas, recaudos, recaudadores, movimientos, transacciones, recaudos",https://bancolombia.sharepoint.com/sites/co-gaps/SitePages/epc-recaudos.aspx
MDM,Datos personales clientes,Customer Personal Data,"Consulta de los datos personales del cliente Colombia, tanto para persona jurídica como para persona natural.","Consulta datos personales, Consulta persona jurídica, Consulta persona natural, mdm, datos, cliente",https://bancolombia.sharepoint.com/sites/co-gaps/SitePages/epc-MDM.aspx
MDM,Llavero de clientes,Customer Data,"Consulta la llave que identifica un cliente en los maestros de clientes (CIF, CRM, SALESFORCE, etc) facilitando la interacción con otros sistemas que manejen dichas llaves.","clientes, mdm, llavero, data",https://bancolombia.sharepoint.com/sites/co-gaps/SitePages/epc-MDM.aspx
MDM,Datos de contacto del cliente,Customer Contact,Consultar la información de contacto del cliente.,"Datos del cliente, Contacto del cliente, Dirección, Celular, Telefono Fijo, Correo electrónico, Contactabilidad, mdm, cliente, contacto, datos",https://bancolombia.sharepoint.com/sites/co-gaps/SitePages/epc-MDM.aspx
MDM,Relaicionados,Customer Relationships Data,"Consulta la información de las relaciones o vínculos del cliente, por ejemplo: referencia comercial, referencia personal, referencia familiar, abogado, ejecutivo de portafolio, entre otros.","Relacionados, Conyugue, Representante Legal, Accionistas, mdm, clientes",https://bancolombia.sharepoint.com/sites/co-gaps/SitePages/epc-MDM.aspx
MDM,Datos de gestión comercial,Customer commercial Data,"Consulta la información referente a la gestión comercial del cliente Colombia, tanto Personas Naturales como Jurídicas","datos, mdm, clientes, gestión comercial, comercial",https://bancolombia.sharepoint.com/sites/co-gaps/SitePages/epc-MDM.aspx
SUFI,Transacciones,Transactions,Proporciona a los clientes de Sufi la información relacionada con los movimientos o transacciones realizadas en uno de sus créditos,"sufi, transacciones sufi",https://bancolombia.sharepoint.com/sites/co-gaps/SitePages/epc-Sufi.aspx
SUFI,Información de préstamos,Loans Information,"Muestra la información del crédito de un cliente de Sufi, como pago total, número de la obligación, tipo de crédito, fecha límite de pago.","sufi, préstamos, información préstamos",https://bancolombia.sharepoint.com/sites/co-gaps/SitePages/epc-Sufi.aspx
Transversales cilco del crédito,Límite de créditos,Credit Limit,"Realiza la creación, consulta y redistribución de límites de endeudamiento según políticas internas de riesgos.","Limites de endeudamiento, creacion limites de endeudamiento, límites, enedudamiento, cartera, crear limites, creación de límites, creación límites",https://bancolombia.sharepoint.com/sites/co-gaps/SitePages/epc-TransversalesCicloCredito.aspx
Tarjetas crédito,Tarjeta crédito,Credit Card,"Consulta, gestionar y aplicar novedades monetarias y no monetarias al producto Tarjetas de Crédito,","Afiliar, débito automático, Desafiliar, débito, automático, Modificar cuenta para débito automático, tarjetas, medios de pago, crédito, TC, tarjeta crédito, tarjetas crédito, listar tarjetas, planes de tarjetas, planes, código de seguridad, movimientos, medios de pago, tarjetas",https://bancolombia.sharepoint.com/sites/co-gaps/SitePages/epc-creditodebitoaceptacion.aspx
Tarjetas crédito,Ejecución pagos tarjetas crédito,Card Payment Execution,"Gestiona pago de las obligaciones propias o de terceros del producto Tarjeta de Crédito, con débito a cuentas propias o a cuentas de otras entidades financieras mediante nuestros canales o procesos internos del Banco.","Pagar tarjeta de crédito, Abono tarjeta de crédito, Pago Mínimo, Pago total, tarjetas, tarjeta, medios de pago, pago tarjeta, pagar tarjeta, pago tarjeta crédito, medios de pago, tarjetas",https://bancolombia.sharepoint.com/sites/co-gaps/SitePages/epc-creditodebitoaceptacion.aspx
Vinculación y actualización,Validación de documentos,Customer Acquisition Docs,"Carga, procesa, extrae y valida los datos líquidos de los documentos soporte de los procesos de conocimiento del cliente.","Vinculacion completa PN, Vinculacion completa PJ, Vinculación simplificada PN, Vincular NO clientes, Vincular PN, Vincular PJ",https://bancolombia.sharepoint.com/sites/co-gaps/SitePages/epc-ServiciosdeVinculacionYActualizacion.aspx
Vinculación y actualización,Solicitudes de clientes,Customer Acquisition,Realizar solicitud de vinculación de un cliente perfilándolo de acuerdo a sus necesidades y generando notificaciones del proceso relevantes para el potencial cliente.,"Vinculacion completa PN, Vinculacion completa PJ, Vinculación simplificada PN, Vincular NO clientes, Vincular PN, Vincular PJ",https://bancolombia.sharepoint.com/sites/co-gaps/SitePages/epc-ServiciosdeVinculacionYActualizacion.aspx
Vinculación y actualización,Solicitud información cliente,Customer Acquisition Data,"Captura los datos del potencial cliente Persona Natural o Persona Jurídica, buscando garantizar su conocimiento a través de la solicitud de información personal, básica, de contacto, económica, tributaria y de moneda extranje","conocimiento cliente, cliente, datos, persona natural, persona jurídica, información personal",https://bancolombia.sharepoint.com/sites/co-gaps/SitePages/epc-ServiciosdeVinculacionYActualizacion.aspx
Tarjetas débito,Tarjeta Débito,Debit Card,"Consulta, gestiona y aplica novedades administrativas al producto Tarjetas Débito, desde diferentes canales o precesos del Banco","Bloqueo tarjeta, Desbloqueo tarjeta, Listar tarjetas activas, Listar tarjetas bloqueadas, Listar tarjetas Pendientes por activar, Listar tarjetas canceladas, consultar código de seguridad, Tope tarjeta débito, tarjetas, tarjeta, débito, medios de pago, cuota de manejo, código de seguridad, tarjetas canceladas, activar tarjeta",https://bancolombia.sharepoint.com/sites/co-gaps/SitePages/epc-tarjetasdebito.aspx
Tarjetas débito,Tarjeta Débito virtual,Virtual Debit Card,Expone el detalle de los movimientos realizados con las tarjetas débito virtual,"Movimientos, Tarjeta virtual, tarjetas, medios de pago",https://bancolombia.sharepoint.com/sites/co-gaps/SitePages/epc-tarjetasdebito.aspx
Tarjetas débito,Diseño tarjetas Débito,Debit Card Design,Consulta el detalle de las tarifas asociadas a las Tarjetas Débito que posee un cliente para ser visualizadas a través de diferentes canales y ser utilizadas a través de los diferentes procesos.,"Consultar cuota de manejo, cuota de manejo, tarjetas, tarjeta, débito, medios de pago",https://bancolombia.sharepoint.com/sites/co-gaps/SitePages/epc-tarjetasdebito.aspx
Filiales del exterior,,Counter Party Administration,"Obtiene un consolidado de toda la información adicional que es necesaria al momento de la ejecución de una transferencia internacional, como por ejemplo los códigos de enrutamiento.","Transferencias, Transferencias externas, paises, transferencias internacionales, transferencias en otras monedas",https://bancolombia.sharepoint.com/sites/co-gaps/SitePages/epc-FilialesExterior.aspx
Filiales del exterior,Cuentas,Accounts,Consulta los saldos de cuentas corriente y ahorros,"Saldos consolidados, Filiales del Exterior, Productos Filiales del Exterior, Cliente filiales, Saldo consolidado por cliente, filiales, saldos, cuentas",https://bancolombia.sharepoint.com/sites/co-gaps/SitePages/epc-FilialesExterior.aspx
Filiales del exterior,Tarjeta,Card,Consulta información básica y movimietnos de una tarjeta,"Movimientos, tarjeta de crédito, Cayman, información, TDC, Filiales del Exterior, Detalle Tarjeta",https://bancolombia.sharepoint.com/sites/co-gaps/SitePages/epc-FilialesExterior.aspx
Filiales del exterior,,Correspondent Bank,Consulta información de bancos internacionales y sus sucursales.,"Bancos Internacionales, SWIFT, Código SWIFT, Transferencias, Bancos del Exterior, Filiales del Exterior, Sucursales Exterior, Branches",https://bancolombia.sharepoint.com/sites/co-gaps/SitePages/epc-FilialesExterior.aspx
Filiales del exterior,,Currency Exchange Deposit,Consulta el valor de la tasa de cambio.,"Tasa de Cambio, conversión, moneda, moneda origen, moneda destino",https://bancolombia.sharepoint.com/sites/co-gaps/SitePages/epc-FilialesExterior.aspx
Filiales del exterior,,Accounts Foreign Branches,Consulta los saldos de un cliente para una filial específica,"filiales, saldos, cuentas",https://bancolombia.sharepoint.com/sites/co-gaps/SitePages/epc-FilialesExterior.aspx
Filiales del exterior,,Fixed Deposit Account,Activa o desactiva la renovación automática de la inversión virtual que nace por defecto cuando el cliente adquiere el producto.,"Consulta saldos, Depósito a Plazo ME, CDT ME, Saldo detallado, saldo a nivel de cliente",https://bancolombia.sharepoint.com/sites/co-gaps/SitePages/epc-FilialesExterior.aspx